exam_name,month,subject,unit_name,question_id,question_text,options,correct_option,question_length
JEE Main,January,Mathematics,Basic of Mathematics,1,"The product of all solutions of the equation e5(log e x)2+3 = x8,x > 0, is :",(1) e8/5  | (2) e6/5  | (3) e2  | (4) e,1,76
JEE Main,January,Mathematics,Quadratic Equation,2,The number of solutions of the equation 9 − 9 + 2 2 − 7 + 3 = 0 is: ( x x )( x x ),(1) 2  | (2) 3  | (3) 1  | (4) 4,4,82
JEE Main,January,Mathematics,Quadratic Equation,3,"The sum, of the squares of all the roots of the equation x2 +|2x−3|−4 = 0, is",(1) 3(3−√2)  | (2) 6(3−√2)  | (3) 6(2−√2)  | (4) 3(2−√2),3,77
JEE Main,January,Mathematics,Quadratic Equation,4,"If the set of all a ∈ R, for which the equation 2x2 +(a−5)x+15 = 3a has no real root, is the interval (α,β), and X = {x ∈ Z : α < x < β}, then ∑ x2 is equal to : x∈X",(1) 2109  | (2) 2129  | (3) 2119  | (4) 2139,4,165
JEE Main,January,Mathematics,Quadratic Equation,5,"If the equation a(b−c)x2 +b(c−a)x+c(a−b) = 0 has equal roots, where a+c = 15 and b = 36 , then 5 a2 +c2 is equal to",Numerical Answer,117,115
JEE Main,January,Mathematics,Quadratic Equation,6,"The product of all the rational roots of the equation (x2 −9x+11) 2 −(x−4)(x−5) = 3, is equal to",(1) 14  | (2) 21  | (3) 28  | (4) 7,1,96
JEE Main,January,Mathematics,Quadratic Equation,7,"Let α θ and β θ be the distinct roots of 2x2 +(cosθ)x−1 = 0,θ ∈ (0,2π). If m and M are the minimum and the maximum values of α4 +β4 , then 16(M +m) equals : θ θ",(1) 24,2,160
JEE Main,January,Mathematics,Complex Number,8,"The number of complex numbers z, satisfying |z| = 1 and ∣ ∣ z + z¯∣ ∣ = 1, is : z¯ z",(1) 4  | (2) 8  | (3) 10  | (4) 6,2,84
JEE Main,January,Mathematics,Complex Number,9,"Let ∣z − 8 − 2i∣ ≤ 1 and ∣z − 2 + 6i∣ ≤ 2,z ,z ∈ C. Then the minimum value of ∣z − z ∣ is 1 2 1 2 1 2 :",(1) 13  | (2) 10  | (3) 3  | (4) 7,4,103
JEE Main,January,Mathematics,Complex Number,10,"Let α,β be the roots of the equation x2 −ax−b = 0 with Im(α) < Im(β). Let P = αn −βn. If n P = −5√7i,P = −3√7i,P = 11√7i and P = 45√7i, then ∣∣α4 +β4∣∣ is equal to ________ . 3 4 5 6",Numerical Answer,31,182
JEE Main,January,Mathematics,Complex Number,11,"If α+iβ and γ+iδ are the roots of x2 −(3−2i)x−(2i−2) = 0,i = √−1, then αγ+βδ is equal to :",(1) −2  | (2) 6  | (3) −6  | (4) 2 −π,4,90
JEE Main,January,Mathematics,Complex Number,12,"Let z 1 ,z 2 and z 3 be three complex numbers on the circle |z| = 1 with arg(z 1 ) = ,arg(z 2 ) = 0 and 4 arg(z 3 ) = π . If |z 1 z¯ 2 +z 2 z¯ 3 +z 3 z¯ 1 |2 = α+β√2,α,β ∈ Z, then the value of α2 +β2 is : 4",(1) 24  | (2) 29  | (3) 41  | (4) 31,2,206
JEE Main,January,Mathematics,Complex Number,13,"Let O be the origin, the point A be z 1 = √3+2√2i, the point B(z 2 ) be such that √3|z 2 | = |z 1 | and arg(z 2 ) = arg(z 1 )+ π . Then 6",Numerical Answer,2,137
JEE Main,January,Mathematics,Complex Number,14,"Let the curve z(1+i)+z¯(1−i) = 4,z ∈ C, divide the region |z−3| ≤ 1 into two parts of areas α and β. Then |α−β| equals :",(1) 1+ π 2  | (2) 1+ π 3  | (3) 1+ π 6  | (4) 1+ π 4,1,120
JEE Main,January,Mathematics,Complex Number,15,"Let ∣ ∣ z¯−i ∣ ∣ = 1,z ∈ C, be the equation of a circle with center at C. If the area of the triangle, whose vertices are 2z¯+i 3 at the points (0,0),C and (α,0) is 11 square units, then α2 equals:",(1) 50  | (2) 100 81  | (3) 25 121  | (4) 25,2,197
JEE Main,January,Mathematics,Complex Number,16,"If α and β are the roots of the equation 2z2 −3z−2i = 0, where i = √−1, then α19+β19+α11+β11 α19+β19+α11+β11 16⋅Re( )⋅lm( ) is equal to α15+β15 α15+β15",(1) 441  | (2) 398  | (3) 312  | (4) 409,1,151
JEE Main,January,Mathematics,Complex Number,17,"Let integers a,b ∈ [−3,3] be such that a+b ≠ 0. Then the number of all possible ordered pairs ∣z+1 ω ω2 ∣ ∣ ∣ (a, b), for which ∣ ∣ z−a∣ ∣ = 1 and ∣ ω z+ω2 1 ∣ = 1,z ∈ C, where ω and ω2 are the roots of z+b ∣ ∣ ∣ ω2 1 z+ω∣ x2 +x+1 = 0, is equal to ________.",Numerical Answer,10,257
JEE Main,January,Mathematics,Sequences and Series,18,"If the first term of an A.P. is 3 and the sum of its first four terms is equal to one-fifth of the sum of the next four terms, then the sum of the first 20 terms is equal to",(1) −1080  | (2) −1020  | (3) −1200  | (4) −120,1,173
JEE Main,January,Mathematics,Sequences and Series,19,"The roots of the quadratic equation 3x2 −px+q = 0 are 10th and 11th terms of an arithmetic progression with common difference 3 . If the sum of the first 11 terms of this arithmetic progression is 88 , then q−2p is equal to 2 ________ -.",Numerical Answer,474,237
JEE Main,January,Mathematics,Sequences and Series,20,"In an arithmetic progression, if S 40 = 1030 and S 12 = 57, then S 30 −S 10 is equal to :",(1) 525  | (2) 510  | (3) 515  | (4) 505,3,89
JEE Main,January,Mathematics,Sequences and Series,21,"Consider an A. P. of positive integers, whose sum of the first three terms is 54 and the sum of the first twenty terms lies between 1600 and 1800. Then its 11th term is :",(1) 90  | (2) 84  | (3) 122  | (4) 108,1,170
JEE Main,January,Mathematics,Sequences and Series,22,"The number of 3 -digit numbers, that are divisible by 2 and 3 , but not divisible by 4 and 9 , is______.",Numerical Answer,125,104
JEE Main,January,Mathematics,Sequences and Series,23,"Let T r be the rth term of an A.P. If for some m,T m = 2 1 5 , T 25 = 2 1 0 , and 20∑2 r= 5 1 T r = 13, then 5 m∑2 r= m m T r is equal to",(1) 98  | (2) 126  | (3) 142  | (4) 112,2,137
JEE Main,January,Mathematics,Sequences and Series,24,"The interior angles of a polygon with n sides, are in an A.P. with common difference 6∘ . If the largest interior angle of the polygon is 219∘ , then n is equal to",Numerical Answer,20,163
JEE Main,January,Mathematics,Sequences and Series,25,"Let a 1 ,a 2 ,…,a 2024 be an Arithmetic Progression such that a 1 +(a 5 +a 10 +a 15 +…+a 2020 )+a 2024 = 2233. Then a 1 +a 2 +a 3 +…+a 2024 is equal to _______",Numerical Answer,11132,159
JEE Main,January,Mathematics,Sequences and Series,26,"Let a ,a ,a ,… be a G.P. of increasing positive terms. If a a = 28 and a +a = 29, then a is equal to: 1 2 3 1 5 2 4 6",(1) 628  | (2) 812  | (3) 526  | (4) 784,4,117
JEE Main,January,Mathematics,Sequences and Series,27,"If 7 = 5+ 1(5+α)+ 1 (5+2α)+ 1 (5+3α)+ ________ ∞, then the value of α is : 7 72 73 6",(1) 7  | (2) 6 1  | (3) 7  | (4) 1,2,84
JEE Main,January,Mathematics,Sequences and Series,28,"If ∑n r=1 T r = (2n−1)(2n+1 6 )( 4 2n+3)(2n+5) , then lim n→∞ ∑n r=1 ( T 1 ) is equal to : r",(1) 0 2  | (2) 3  | (3) 1 1  | (4) 3,2,92
JEE Main,January,Mathematics,Sequences and Series,29,"For positive integers n, if 4a n = (n2 +5n+6) and S n = ∑n k=1 ( a 1 ), then the value of 507S 2025 is : k",(1) 540  | (2) 675  | (3) 1350  | (4) 135,2,106
JEE Main,January,Mathematics,Sequences and Series,30,The value of lim ∑ n k3+6k2+11k+5 is: n→∞ ( k=1 (k+3)! ),Numerical Answer,4,56
JEE Main,January,Mathematics,Sequences and Series,31,"Suppose that the number of terms in an A.P. is 2k,k ∈ N. If the sum of all odd terms of the A.P. is 40 , the sum of all even terms is 55 and the last term of the A.P. exceeds the first term by 27, then k is equal to :",(1) 6  | (2) 5  | (3) 8  | (4) 4,2,217
JEE Main,January,Mathematics,Sequences and Series,32,"Let S n = 1 + 1 + 1 + 1 +… upto n terms. If the sum of the first six terms of an A.P. with first term -p and 2 6 12 20 common difference p is √2026 S 2025, then the absolute difference betwen 20th and 15th terms of the A.P. is",(1) 20  | (2) 90  | (3) 45  | (4) 25,4,226
JEE Main,January,Mathematics,Sequences and Series,33,"Let ⟨a n ⟩ be a sequence such that a 0 = 0,a 1 = 1 2 and 2a n+2 = 5a n+1 −3a n ,n = 0,1,2,3,…. Then ∑1 k 0 = 0 1 a k is equal to",(1) 3a 99 −100  | (2) 3a −100 100  | (3) 3a 99 +100  | (4) 3a 100 +100,2,128
JEE Main,January,Mathematics,Permutation Combination,34,"If all the words with or without meaning made using all the letters of the word ""KANPUR"" are arranged as in a dictionary, then the word at 440th position in this arrangement, is :",(1) PRNAUK  | (2) PRKANU  | (3) PRKAUN  | (4) PRNAKU,3,179
JEE Main,January,Mathematics,Permutation Combination,35,"Group A consists of 7 boys and 3 girls, while group B consists of 6 boys and 5 girls. The number of ways, 4 boys and 4 girls can be invited for a picnic if 5 of them must be from group A and the remaining 3 from group B, is equal to :",(1) 8750  | (2) 9100  | (3) 8925  | (4) 8575,3,234
JEE Main,January,Mathematics,Permutation Combination,36,"The number of different 5 digit numbers greater than 50000 that can be formed using the digits 0 , 1,2,3,4,5,6,7 , such that the sum of their first and last digits should not be more than 8 , is",(1) 4608  | (2) 5720  | (3) 5719  | (4) 4607,4,194
JEE Main,January,Mathematics,Permutation Combination,37,"The number of natural numbers, between 212 and 999 , such that the sum of their digits is 15 , is",Numerical Answer,64,97
JEE Main,January,Mathematics,Permutation Combination,38,"Let P be the set of seven digit numbers with sum of their digits equal to 11 . If the numbers in P are formed by using the digits 1,2 and 3 only, then the number of elements in the set P is :",(1) 173  | (2) 164  | (3) 158  | (4) 161,4,191
JEE Main,January,Mathematics,Permutation Combination,39,"The number of 6-letter words, with or without meaning, that can be formed using the letters of the word MATHS such that any letter that appears in the word must appear at least twice, is _______.",Numerical Answer,1405,195
JEE Main,January,Mathematics,Permutation Combination,40,"From all the English alphabets, five letters are chosen and are arranged in alphabetical order. The total number of ways, in which the middle letter is ' M ', is :",(1) 5148  | (2) 6084  | (3) 4356  | (4) 14950,1,163
JEE Main,January,Mathematics,Permutation Combination,41,"In a group of 3 girls and 4 boys, there are two boys B 1 and B 2. The number of ways, in which these girls and boys can stand in a queue such that all the girls stand together, all the boys stand together, but B 1 and B 2 are not adjacent to each other, is :",(1) 96  | (2) 144  | (3) 120  | (4) 72,2,258
JEE Main,January,Mathematics,Permutation Combination,42,"The number of words, which can be formed using all the letters of the word ""DAUGHTER"", so that all the vowels never come together, is",(1) 36000  | (2) 37000  | (3) 34000  | (4) 35000,1,133
JEE Main,January,Mathematics,Permutation Combination,43,"The number of ways, 5 boys and 4 girls can sit in a row so that either all the boys sit together or no two boys sit together, is ________ -",Numerical Answer,17280,139
JEE Main,January,Mathematics,Binomial Theorem,44,The sum of all rational terms in the expansion of (1+21/2 +31/2) is equal to,Numerical Answer,612,76
JEE Main,January,Mathematics,Binomial Theorem,45,"For some n ≠ 10, let the coefficients of the 5 th, 6 th and 7 th terms in the binomial expansion of (1+x)n+4 be in A.P. Then the largest coefficient in the expansion of (1+x)n+4 is:",(1) 20  | (2) 10  | (3) 35  | (4) 70,3,181
JEE Main,January,Mathematics,Binomial Theorem,46,"Suppose A and B are the coefficients of 30th and 12th terms respectively in the binomial expansion of (1+x)2n−1 . If 2 A = 5 B, then n is equal to :",(1) 22  | (2) 20  | (3) 21  | (4) 19,3,148
JEE Main,January,Mathematics,Binomial Theorem,47,"Let α,β,γ and δ be the coefficients of x7,x5,x3 and x respectively in the expansion of 5 5 (x+√x3 −1) +(x−√x3 −1) ,x > 1. If u and v satisfy the equations αu+βv = 18 γu+δv = 20 then u+v equals :",(1) 5  | (2) 3  | (3) 4  | (4) 8,1,194
JEE Main,January,Mathematics,Binomial Theorem,48,"If in the expansion of (1+x)p(1−x)q, the coefficients of x and x2 are 1 and -2 , respectively, then p2 +q2 is equal to :",(1) 18  | (2) 13  | (3) 8  | (4) 20,2,120
JEE Main,January,Mathematics,Binomial Theorem,49,"Let the coefficients of three consecutive terms T r ,T r+1 and T r+2 in the binomial expansion of (a+b)12 be in a G.P. and let p be the number of all possible values of r. Let q be the sum of all rational terms in the binomial expansion of (√4 3+√3 4)12. Then p+q is equal to :",(1) 283  | (2) 287  | (3) 295  | (4) 299,1,277
JEE Main,January,Mathematics,Binomial Theorem,50,"The least value of n for which the number of integral terms in the Binomial expansion of ( 3 7 + 12 11 )n is 183, is :",(1) 2184  | (2) 2196  | (3) 2148  | (4) 2172,1,118
JEE Main,January,Mathematics,Binomial Theorem,51,"The remainder, when 7103 is divided by 23 , is equal to :",(1) 6  | (2) 17  | (3) 9  | (4) 14,4,57
JEE Main,January,Mathematics,Binomial Theorem,52,"If ∑5 11C2r+1 = m,gcd(m,n) = 1, then m−n is equal to _______ r=0 2r+2 n",Numerical Answer,2035,71
JEE Main,January,Mathematics,Binomial Theorem,53,"If α = 1+∑6 r=1 (−3)r−1 12C 2r−1, then the distance of the point (12,√3) from the line αx−√3y+1 = 0 is _________.",Numerical Answer,5,113
JEE Main,January,Mathematics,Binomial Theorem,54,"If ∑30 r2(30Cr)2 = α×229 , then α is equal to ______ r=1 30C r−1",Numerical Answer,465,64
JEE Main,January,Mathematics,Statistics,55,"The variance of the numbers 8,21,34,47,…,320 is",Numerical Answer,8788,47
JEE Main,January,Mathematics,Statistics,56,"Marks obtains by all the students of class 12 are presented in a freqency distribution with classes of equal width. Let the median of this grouped data be 14 with median class interval 12-18 and median class frequency 12 . If the number of students whose marks are less than 12 is 18 , then the total number of students is",(1) 52  | (2) 48  | (3) 44  | (4) 40,3,322
JEE Main,January,Mathematics,Statistics,57,"For a statistical data x 1 ,x 2 ,…,x 10 of 10 values, a student obtained the mean as 5.5 and ∑1 i= 0 1 x2 i = 371. He later found that he had noted two values in the data incorrectly as 4 and 5 , instead of the correct values 6 and 8 , respectively. The variance of the corrected data is",(1) 9  | (2) 5  | (3) 7  | (4) 4,3,287
JEE Main,January,Mathematics,Statistics,58,"Let x ,x ,…,x be ten observations such that ∑ 10 (x − 2) = 30,∑ 10 (x − β) 2 = 1 2 10 i=1 i i=1 i 98,β > 2, and their variance is 4 . If μ and σ2 are respectively the mean and the variance of 2(x − 1) + 1 5 4β, 2(x − 1) + 4β,….,2(x − 1) + 4β, then βμ is equal to : 2 10 σ2",(1) 100  | (2) 120  | (3) 110  | (4) 90,1,272
JEE Main,January,Mathematics,Matrices,59,"⎡ ⎤ ⎡ ⎤ ⎡ ⎤ ⎡ ⎤ ⎡ ⎤ ⎡ ⎤ Let A = [a ij ] be 3×3 matrix such that A⎢1⎥ = ⎢0⎥,A⎢1⎥ = ⎢1⎥ and A⎢1⎥ = ⎢0⎥, then a 23 equals : ⎣ ⎦ ⎣ ⎦ ⎣ ⎦ ⎣ ⎦ ⎣ ⎦ ⎣ ⎦ 0 1 3 0 2 0",(1) -1  | (2) 2  | (3) 1  | (4) 0,1,156
JEE Main,January,Mathematics,Matrices,60,"Let A = [a ij ] be a matrix of order 3×3, with a ij = (√2)i+j. If the sum of all the elements in the third row of A2 is α+β√2,α,β ∈ Z, then α+β is equal to :",(1) 280  | (2) 224  | (3) 210  | (4) 168,2,157
JEE Main,January,Mathematics,Matrices,61,"For a 3×3 matrix M, let trace (M) denote the sum of all the diagonal elements of M. Let A be a 3×3 matrix such that |A| = 1 and trace (A) = 3. If B = adj(adj(2A)), then the value of |B|+ trace (B) equals : 2",(1) 56  | (2) 132  | (3) 174  | (4) 280,4,207
JEE Main,January,Mathematics,Matrices,62,"Let M denote the set of all real matrices of order 3 × 3 and let S = {−3,−2,−1,1,2}. Let S = {A = [a ] ∈ M : A = AT and a ∈ S,∀i,j} 1 ij ij S = {A = [a ] ∈ M : A = −AT and a ∈ S,∀i,j} 2 ij ij S = {A = [a ] ∈ M : a + a + a = 0 and a ∈ S,∀i,j} 3 ij 11 22 33 ij If n(S ∪ S ∪ S ) = 125α, then α equals _______ 1 2 3",Numerical Answer,1613,311
JEE Main,January,Mathematics,Matrices,63,"2 −1 Let S = m ∈ Z : Am2 + Am = 3I − A−6 , where A = . Then n(S) is equal to { } [ 1 0 ] ______.",Numerical Answer,2,96
JEE Main,January,Mathematics,Matrices,64,"Let A be a square matrix of order 3 such that det(A) = −2 and det(3adj(−6adj(3A))) = 2m+n ⋅3mn,m > n. Then 4 m+2n is equal to _______",Numerical Answer,34,133
JEE Main,January,Mathematics,Matrices,65,"⎡ ⎤ Let A be a 3×3 matrix such that XTAX = O for all nonzero 3×1 matrices X = ⎢y⎥. If ⎣ ⎦ z 1 1 1 0 ⎡ ⎤ ⎡ ⎤ ⎡ ⎤ ⎡ ⎤ A⎢1⎥ = ⎢ 4 ⎥,A⎢2⎥ = ⎢ 4 ⎥, and det(adj(2(A+1)))−2α3β5γ,α,β,γ ∈ N, then α2 +β2 +γ2 ⎣ ⎦ ⎣ ⎦ ⎣ ⎦ ⎣ ⎦ 1 −5 1 −8 is_____.",Numerical Answer,44,232
JEE Main,January,Mathematics,Matrices,66,"log 128 log 5 Let A = [a ] = 5 4 . ij [ log 8 log 25 ] 5 4 2 If A ij is the cofactor of a ij ,C ij = ∑ k=1 a ik A jk ,1 ≤ i,j ≤ 2, and C = [C ij ], then 8∣C∣ is equal to :",(1) 288  | (2) 222  | (3) 242  | (4) 262,3,171
JEE Main,January,Mathematics,Matrices,67,"If A,B, and (adj(A−1)+adj(B−1)) are non-singular matrices of same order, then the inverse of −1 A(adj(A−1)+adj(B−1)) B, is equal to",(1) AB−1 +A−1 B  | (2) adj(B−1)+adj(A−1)  | (3) AB−1 + BA−1 |A| |B|  | (4) 1 (adj(B)+adj(A)) |AB|,4,131
JEE Main,January,Mathematics,Matrices,68,"1 −2 cosθ −sinθ Let A = [ √2 ] and P = [ ],θ > 0. If B = PAPT,C = PTB10P and the sum of the sinθ cosθ 0 1 diagonal elements of C is m , where gcd(m,n) = 1, then m+n is : n",(1) 127  | (2) 258  | (3) 65  | (4) 2049,3,171
JEE Main,January,Mathematics,Determinants,69,"Let M and m respectively be the maximum and the minimum values of ∣1+sin2x cos2x 4sin4x ∣ ∣ ∣ f(x) = ∣ sin2x 1+cos2x 4sin4x ∣,x ∈ R ∣ ∣ ∣ sin2x cos2x 1+4sin4x∣ Then M 4 − m4 is equal to :",(1) 1280  | (2) 1295  | (3) 1215  | (4) 1040,1,187
JEE Main,January,Mathematics,Determinants,70,"The system of equations x+y+z = 6 x+2y+5z = 9, x+5y+λz = μ, has no solution if","(1) λ = 15,μ ≠ 17  | (2) λ ≠ 17,μ ≠ 18  | (3) λ = 17,μ ≠ 18  | (4) λ = 17,μ = 18 ∣a+ sinx 1 b ∣",3,78
JEE Main,January,Mathematics,Determinants,71,"∣ x ∣ For some a,b, let f(x) = ∣ a 1+ sinx b ∣, x ≠ 0,lim x→0 f(x) = λ+μa+νb. Then ∣ x ∣ ∣ a 1 b+ sinx ∣ x (λ+μ+ν)2 is equal to :",(1) 16  | (2) 25  | (3) 9  | (4) 36,1,129
JEE Main,January,Mathematics,Determinants,72,"If the system of linear equations : x+y+2z = 6 2x+3y+az = a+1 −x−3y+bz = 2 b where a,b ∈ R, has infinitely many solutions, then 7a+3b is equal to :",(1) 16,1,147
JEE Main,January,Mathematics,Determinants,73,"If the system of equations (λ−1)x+(λ−4)y+λz = 5 λx+(λ−1)y+(λ−4)z = 7 (λ+1)x+(λ+2)y−(λ+2)z = 9 has infinitely many solutions, then λ2 +λ is equal to",(1) 6  | (2) 10  | (3) 20  | (4) 12,4,147
JEE Main,January,Mathematics,Determinants,74,"If the system of equations 2x−y+z = 4 5x+λy+3z = 12 100x−47y+μz = 212 has infinitely many solutions, then μ−2λ is equal to",(1) 57  | (2) 59  | (3) 55  | (4) 56,1,122
JEE Main,January,Mathematics,Determinants,75,"If the system of equations x+2y−3z = 2 2x+λy+5z = 5 14x+3y+μz = 33 has infinitely many solutions, then λ+μ is equal to :",(1) 13  | (2) 10  | (3) 12  | (4) 11,3,120
JEE Main,January,Mathematics,Determinants,76,"Let α,β(α ≠ β) be the values of m , for which the equations x+y+z = 1;x+2y+4z = m and x+4y+10z = m2 have infinitely many solutions. Then the value of ∑10 (nα +nβ) is equal to : n=1",(1) 3080  | (2) 560  | (3) 3410  | (4) 440,4,180
JEE Main,January,Mathematics,Probability,77,Let A = [a ij ] be a square matrix of order 2 with entries either 0 or 1 . Let E be the event that A is an invertible matrix. Then the probability P(E) is : 3,(1) 16 5  | (2) 8 3  | (3) 8 1  | (4) 8,3,158
JEE Main,January,Mathematics,Probability,78,"Two number k 1 and k 2 are randomly chosen from the set of natural numbers. Then, the probability that the value of ik 1 +ik 2,(i = √−1) is non-zero, equals 1",(1) 2 3  | (2) 4 1  | (3) 4 2  | (4) 3,2,158
JEE Main,January,Mathematics,Probability,79,"Let S be the set of all the words that can be formed by arranging all the letters of the word GARDEN. From the set S, one word is selected at random. The probability that the selected word will NOT have vowels in alphabetical order is : 1",(1) 2 1  | (2) 4 2  | (3) 3 1  | (4) 3,1,238
JEE Main,January,Mathematics,Probability,80,"Two balls are selected at random one by one without replacement from a bag containing 4 white and 6 black m balls. If the probability that the first selected ball is black, given that the second selected ball is also black, is , n where gcd(m,n) = 1, then m+n is equal to :",(1) 4  | (2) 14  | (3) 13  | (4) 11,2,273
JEE Main,January,Mathematics,Probability,81,"A coin is tossed three times. Let X denote the number of times a tail follows a head. If μ and σ2 denote the mean and variance of X, then the value of 64(μ+σ2) is :",(1) 51  | (2) 64  | (3) 32  | (4) 48,4,164
JEE Main,January,Mathematics,Probability,82,"One die has two faces marked 1 , two faces marked 2 , one face marked 3 and one face marked 4 . Another die has one face marked 1 , two faces marked 2 , two faces marked 3 and one face marked 4. The probability of getting the sum of numbers to be 4 or 5 , when both the dice are thrown together, is 2",(1) 3 1  | (2) 2 4  | (3) 9 3  | (4) 5,2,300
JEE Main,January,Mathematics,Probability,83,"A board has 16 squares as shown in the figure: Out of these 16 squares, two squares are chosen at random. The probability that they have no side in common is :",(1) 7/10  | (2) 4/5  | (3) 23/30  | (4) 3/5,2,159
JEE Main,January,Mathematics,Probability,84,"A and B alternately throw a pair of dice. A wins if he throws a sum of 5 before B throws a sum of 8 , and B wins if he throws a sum of 8 before A throws a sum of 5 . The probability, that A wins if A makes the first throw, is 8",(1) 17 9  | (2) 19 9  | (3) 17,2,227
JEE Main,January,Mathematics,Probability,85,"If A and B are two events such that P(A∩B) = 0.1, and P(A ∣ B) and P(B ∣ A) are the roots of the equation P(¯A¯¯¯∪¯B¯¯¯) 12x2 −7x+1 = 0, then the value of is : P(¯A¯¯¯∩¯B¯¯¯) 4",(1) 3 7  | (2) 4 5  | (3) 3 9  | (4) 4,4,176
JEE Main,January,Mathematics,Probability,86,"Bag 1 contains 4 white balls and 5 black balls, and Bag 2 contains n white balls and 3 black balls. One ball is drawn randomly from Bag 1 and transferred to Bag 2. A ball is then drawn randomly from Bag 2. If the probability, that the ball drawn is white, is 29/45, then n is equal to :",(1) 6  | (2) 3  | (3) 5  | (4) 4,1,286
JEE Main,January,Mathematics,Probability,87,"Bag B 1 contains 6 white and 4 blue balls, Bag B 2 contains 4 white and 6 blue balls, and Bag B 3 contains 5 white and 5 blue balls. One of the bags is selected at random and a ball is drawn from it. If the ball is white, then the probability, that the ball is drawn from Bag B 2, is : 4",(1) 15 1  | (2) 3 2  | (3) 5 2  | (4) 3,1,287
JEE Main,January,Mathematics,Probability,88,"Let A = [a ij ] be a 2×2 matrix such that a ij ∈ {0,1} for all i and j. Let the random variable X denote the possible values of the determinant of the matrix A. Then, the variance of X is : 3",(1) 4 5  | (2) 8 3  | (3) 8 1  | (4) 4,3,191
JEE Main,January,Mathematics,Probability,89,"Three defective oranges are accidently mixed with seven good ones and on looking at them, it is not possible to differentiate between them. Two oranges are drawn at random from the lot. If x denote the number of defective oranges, then the variance of x is",(1) 28/75  | (2) 18/25  | (3) 26/75  | (4) 14/25,1,256
JEE Main,January,Mathematics,Sets and Relations,90,"The number of non-empty equivalence relations on the set {1,2,3} is :",(1) 6  | (2) 5  | (3) 7  | (4) 4,2,69
JEE Main,January,Mathematics,Sets and Relations,91,"Let R = {(1,2),(2,3),(3,3)} be a relation defined on the set {1,2,3,4}. Then the minimum number of elements, needed to be added in R so that R becomes an equivalence relation, is:",(1) 10  | (2) 7  | (3) 8  | (4) 9,2,179
JEE Main,January,Mathematics,Sets and Relations,92,"Define a relation R on the interval [0, π ) by xRy if and only if sec2 x − tan2 y = 1. Then R is : 2",(1) both reflexive and transitive but not symmetric  | (2) an equivalence relation  | (3) reflexive but neither symmetric not transitive  | (4) both reflexive and symmetric but not transitive,2,100
JEE Main,January,Mathematics,Sets and Relations,93,"Let A = {1,2,3,…,10} and B = {m : m,n ∈ A,m < n and gcd(m,n) = 1}. Then n(B) is equal to : n",(1) 36  | (2) 31  | (3) 37  | (4) 29,2,92
JEE Main,January,Mathematics,Sets and Relations,94,"Let A = {(x,y) ∈ R×R : |x+y| ⩾ 3} and B = {(x,y) ∈ R×R : |x|+|y| ≤ 3}. If C = {(x,y) ∈ A∩B : x = 0 or y = 0}, then ∑ |x+y| is : (x,y)∈C",(1) 15  | (2) 24  | (3) 18,4,135
JEE Main,January,Mathematics,Sets and Relations,95,"Let S = {p 1 ,p 2 ….,p 10 } be the set of first ten prime numbers. Let A = S∪P, where P is the set of all possible products of distinct elements of S. Then the number of all ordered pairs ( x,y ), x ∈ S, y ∈ A, such that x divides y, is ______.",Numerical Answer,5120,244
JEE Main,January,Mathematics,Sets and Relations,96,"Let A = {x ∈ (0,π)−{π} : log |sinx|+ log |cosx| = 2} and 2 (2/π) (2/π) B = {x ⩾ 0 : √x(√x−4)−3|√x−2|+6 = 0}. Then n(A∪B) is equal to :",(1) 4  | (2) 8  | (3) 6  | (4) 2,2,134
JEE Main,January,Mathematics,Sets and Relations,97,"Let S = N∪{0}. Define a relation R from S to R by : R = {(x,y) : log y = xlog","(2),x ∈ S,y ∈ R} e e 5 Then, the sum of all the elements in the range of R is equal to : 10  | (1) 9 3  | (2) 2 5  | (3) 2 5  | (4) 3",4,77
JEE Main,January,Mathematics,Sets and Relations,98,"Let A = {1,2,3}. The number of relations on A, containing (1,2) and (2,3), which are reflexive and transitive but not symmetric, is ______ -",Numerical Answer,3,140
JEE Main,January,Mathematics,Sets and Relations,99,"Let X = R×R. Define a relation R on X as : (a ,b )R(a ,b ) ⇔ b = b 1 1 2 2 1 2 Statement I : R is an equivalence relation. Statement II : For some (a,b) ∈ X, the set S = {(x,y) ∈ X : (x,y)R(a,b)} represents a line parallel to y = x. In the light of the above statements, choose the correct answer from the options given below :",(1) Both Statement I and Statement II are false  | (2) Statement I is true but Statement II is false  | (3) Both Statement I and Statement II are true  | (4) Statement I is false but Statement II is true,2,327
JEE Main,January,Mathematics,Sets and Relations,100,"The relation R = {(x,y) : x,y ∈ Z and x+y is even } is:",(1) reflexive and symmetric but not transitive  | (2) an equivalence relation  | (3) symmetric and transitive but not reflexive  | (4) reflexive and transitive but not symmetric,2,55
JEE Main,January,Mathematics,Functions,101,"Let f : R−{0} → (−∞,1) be a polynomial of degree 2, satisfying f(x)f","(1) = f(x)+f | (1). If x x f(K) = −2K, then the sum of squares of all possible values of K is :  | (1) 7  | (2) 6  | (3) 1  | (4) 9",14,68
JEE Main,January,Mathematics,Functions,102,"Number of functions f : {1,2,…,100} → {0,1}, that assign 1 to exactly one of the positive integers less than or equal to 98 , is equal to ________.",Numerical Answer,2,147
JEE Main,January,Mathematics,Functions,103,Let [x] denote the greatest integer less than or equal to x. Then the domain of f(x) = sec−1(2[x]+1) is :,"(1) (−∞,−1]∪[0,∞)  | (2) (−∞,−1]∪[1,∞)  | (3) (−∞,∞)  | (4) (−∞,∞)−{0}",2,105
JEE Main,January,Mathematics,Functions,104,"If the domain of the function log (18x−x2 −77) is (α,β) and the domain of the function log (2x2+3x−2) is 5 (x−1) x2−3x−4 (γ,δ), then α2 +β2 +γ2 is equal to :",(1) 195  | (2) 179  | (3) 186  | (4) 174,1,157
JEE Main,January,Mathematics,Functions,105,"Let the range of the function f(x) = 6+16cosx⋅cos(π −x)⋅cos(π +x) ⋅sin3x⋅cos6x,x ∈ R be [α,β]. 3 3 Then the distance of the point (α,β) from the line 3x+4y+12 = 0 is :",(1) 11  | (2) 8  | (3) 10  | (4) 9,5,167
JEE Main,January,Mathematics,Functions,106,Let f(x) = log x and g(x) = x4−2x3+3x2−2x+2 . Then the domain of f ∘g is e 2x2−2x+1,Numerical Answer,4,83
JEE Main,January,Mathematics,Functions,107,"Let A = {1,2,3,4} and B = {1,4,9,16}. Then the number of many-one functions f : A → B such that 1 ∈ f( A) is equal to :",(1) 151  | (2) 139  | (3) 163  | (4) 127,1,119
JEE Main,January,Mathematics,Functions,108,"Let f : [0,3] → A be defined by f(x) = 2x3 −15x2 +36x+7 and g : [0,∞) → B be defined by g(x) = x2025 . x2025+1 If both the functions are onto and S = {x ∈ Z : x ∈ A or x ∈ B}, then n(S) is equal to :",(1) 29  | (2) 30  | (3) 31  | (4) 36,2,199
JEE Main,January,Mathematics,Functions,109,Let f(x) = 2x+2+16 . Then the value of 8(f( 1 )+f( 2 )+…+f(59)) is equal to 22x+1+2x+4+32 15 15 15,(1) 92  | (2) 118  | (3) 102  | (4) 108,2,98
JEE Main,January,Mathematics,Functions,110,"The number of real solution(s) of the equation x2 +3x+2 = min{|x−3|,|x+2|} is:",(1) 1  | (2) 0  | (3) 2  | (4) 3,3,78
JEE Main,January,Mathematics,Functions,111,Let f : R−{0} → R be a function such that f(x)−6f,"(1) = 35 − 5 . x 3x 2 If the lim x→0 ( 1 +f(x)) = β;α,β ∈ R, then α+2β is equal to αx  | (1) 5  | (2) 3  | (3) 4  | (4) 6",3,49
JEE Main,January,Mathematics,Functions,112,"If f(x) = 2x ,x ∈ R, then ∑81 f( k ) is equal to 2x+√2 k=1 82",(1) 81√2  | (2) 41  | (3) 82 81  | (4) 2,4,61
JEE Main,January,Mathematics,Functions,113,"The function f : (−∞,∞) → (−∞,1) , defined by f(x) = 2x−2−x is: 2x+2−x",(1) Neither one-one nor onto  | (2) Onto but not one-one  | (3) Both one-one and onto  | (4) One-one but not onto,4,70
JEE Main,January,Mathematics,Functions,114,"Let f : R → R be a function defined by f(x) = (2+3a)x2 +(a+2)x+b,a ≠ 1. If a−1 f(x+y) = f(x)+f(y)+1− 2xy, then the value of 28∑5 |f(i)| is 7 i=1",(1) 545  | (2) 715  | (3) 735  | (4) 675,4,144
JEE Main,January,Mathematics,Limits,115,lim x→0 cosec x(√2cos2x+3cosx−√cos2x+sinx+4) is:,(1) 0 1  | (2) √15 1  | (3) 2√5  | (4) − 1 2√5,4,48
JEE Main,January,Mathematics,Limits,116,"If lim x→∞ (( 1− e e )(1 e − 1+ x x )) x = α, then the value of 1+ lo l g o e g α α equals : e",(1) e−1  | (2) e2  | (3) e−2  | (4) e 1 2,4,94
JEE Main,January,Mathematics,Limits,117,"If lim t→0 (∫ 0 1 (3x+5)tdx)t = 5 α e (8 5 )3 , then α is equal to ________",Numerical Answer,64,75
JEE Main,January,Mathematics,Limits,118,Let [t] be the greatest integer less than or equal to t. Then the least value of p ∈ N for which lim x→0+ (x([ x 1 ] + [ x 2 ] + … + [ x p ])− x2 ( [ x 1 2 ] + [ x 22 2 ] + … + [ x 92 2 ])) ≥ 1 is equal to ________. x,Numerical Answer,24,217
JEE Main,January,Mathematics,Limits,119,(2x2−3x+5)(3x−1)2 lim x→∞ is equal to : (3x2+5x+4)√(3x+2)x 2,(1) √3e 2e  | (2) √3 2  | (3) 3√e 2e  | (4) 3,3,60
JEE Main,January,Mathematics,Limits,120,Let f(x) = lim n→∞ ∑n r=0 ( tan(x 1 / − 2r t + a 1 n ) 2 + (x ta / n 2 3 r+ ( 1 x ) /2r+1) ). Then lim x→0 ( e x x − − f e ( f x (x ) ) ) is equal to,Numerical Answer,1,149
JEE Main,January,Mathematics,Continuity and Differentiability,121,"If the function ⎧ 2{sin(k +1)x+sin(k −1)x}, x < 0 ⎪⎪⎪ x 1 2 4, x = 0 f(x) = ⎨ ⎪⎪⎪⎩ 2log ( 2+k 1 x ), x > 0 x e 2+k x 2 is continuous at x = 0, then k2 +k2 is equal to 1 2",(1) 20  | (2) 5  | (3) 8  | (4) 10,4,170
JEE Main,January,Mathematics,Continuity and Differentiability,122,Let f(x) be a real differentiable function such that f,"(0) = 1 and f(x+y) = f(x)f′(y)+f′(x)f(y) for all x,y ∈ R. Then ∑100 log f(n) is equal to : n=1 e  | (1) 2525  | (2) 5220  | (3) 2384  | (4) 2406",1,54
JEE Main,January,Mathematics,Continuity and Differentiability,123,"Let [x] denote the greatest integer function, and let m and n respectively be the numbers of the points, where the function f(x) = [x]+|x−2|,−2 < x < 3, is not continuous and not differentiable. Then m+n is equal to :",(1) 6  | (2) 8  | (3) 9  | (4) 7,2,217
JEE Main,January,Mathematics,Continuity and Differentiability,124,"⎧⎪ 3x, x < 0 Let f(x) = ⎨min{1+x+[x],x+2[x]}, 0 ≤ x ≤ 2 ⎪⎩ 5, x > 2, where [.] denotes greatest integer function. If α and β are the number of points, where f is not continuous and is not differentiable, respectively, then α+β equals __________",Numerical Answer,5,244
JEE Main,January,Mathematics,Continuity and Differentiability,125,"Let the function f(x) = (x2 +1)∣∣x2 −ax+2∣∣+cos|x| be not differentiable at the two points x = α = 2 and x = β. Then the distance of the point (α,β) from the line 12x+5y+10 = 0 is equal to :",(1) 5,3,190
JEE Main,January,Mathematics,Continuity and Differentiability,126,"Let the function, −3ax2 −2, x < 1 f(x) = { a2 +bx, x ⩾ 1 be differentiable for all x ∈ R, where a > 1,b ∈ R. If the area of the region enclosed by y = f(x) and the line y = −20 is α+β√3,α,β ∈ Z, then the value of α+β is ________",Numerical Answer,34,228
JEE Main,January,Mathematics,Application of Derivatives,127,"A spherical chocolate ball has a layer of ice-cream of uniform thickness around it. When the thickness of the ice- cream layer is 1 cm , the ice-cream melts at the rate of 81 cm3/min and the thickness of the ice-cream layer decreases at the rate of 1 cm/min. The surface area (in cm2 ) of the chocolate ball (without the ice-cream layer) 4π is :",(1) 196π  | (2) 256π  | (3) 225π  | (4) 128π,2,345
JEE Main,January,Mathematics,Application of Derivatives,128,"Let (2,3) be the largest open interval in which the function f(x) = 2log (x−2)−x2 +ax+1 is strictly e increasing and (b, c) be the largest open interval, in which the function g(x) = (x−1)3(x+2−a)2 is strictly decreasing. Then 100(a+b−c) is equal to :",(1) 420  | (2) 360  | (3) 160  | (4) 280,2,251
JEE Main,January,Mathematics,Application of Derivatives,129,"If the set of all values of a, for which the equation 5x3 −15x−a = 0 has three distinct real roots, is the interval (α,β), then β−2α is equal to ______",Numerical Answer,30,151
JEE Main,January,Mathematics,Application of Derivatives,130,"The sum of all local minimum values of the function ⎧1−2x, x < −1 ⎪⎪ f(x) = ⎨ 1(7+2|x|), −1 ≤ x ≤ 2 3 ⎪ ⎪⎩ 11(x−4)(x−5), x > 2 18 is 157",(1) 72 131  | (2) 72 171  | (3) 72 167  | (4) 72,1,136
JEE Main,January,Mathematics,Definite Integration,131,"Let I(x) = ∫ dx . If I(37)−I(24) = 1( 1 − 1 ),b,c ∈ N, then 3( b+c) is equal to 11 15 4 1 1 (x−11)13(x+15)13 b13 c13",(1) 22  | (2) 39  | (3) 40  | (4) 26,2,116
JEE Main,January,Mathematics,Definite Integration,132,"If ∫ 2x2+5x+9 dx = x√x2 +x+1+α√x2 +x+1+ βlog ∣ ∣x+ 1 +√x2 +x+1∣ ∣+C, where C is the √x2+x+1 e 2 constant of integration, then α+2β is equal to _______.",Numerical Answer,1,151
JEE Main,January,Mathematics,Definite Integration,133,"If ∫ ex(xsin−1x + sin−1x + x )dx = g(x)+C, where C is the constant of integration, then g",(1) equals : √1−x2 (1−x2)3/2 1−x2 2  | (1) π√e 4 3  | (2) π√e 6 3  | (3) π√e 4 2  | (4) π√e 6 2,12,89
JEE Main,January,Mathematics,Definite Integration,134,"Let ∫ x3sinx dx = g(x)+C, where C is the constant of integration. If 8(g(π)+g′(π)) = απ3 +βπ2 +γ,α,β,γ ∈ Z, then α+β−γ equals : 2 2",(1) 48  | (2) 55  | (3) 62  | (4) 47,1,131
JEE Main,January,Mathematics,Definite Integration,135,"If f(x) = ∫ 1 dx,f","(0) = −6, then f | (1) is equal to : x1/4(1+x1/4)  | (1) 4(log 2−2) e  | (2) 2−log 2 e2  | (3) log 2+2 e  | (4) 4(log 2+2) e",1,18
JEE Main,January,Mathematics,Definite Integration,136,The integral 80∫ 4 ( sinθ+cosθ )dθ is equal to : 0 9+16sin2θ,(1) 3log 4 e  | (2) 4log 3 e  | (3) 6log 4 e  | (4) 2log 3 e,2,60
JEE Main,January,Mathematics,Definite Integration,137,Let f : R → R be a twice differentiable function such that f,"(2) = 1. If F(x) = xf(x) for all x ∈ R, ∫2x F′(x)dx = 6 and ∫2x2 F′′(x)dx = 40, then F′ | (2)+∫2 F(x)dx is equal to : 0 0 0  | (1) 11  | (2) 13  | (3) 15  | (4) 9 π",1,60
JEE Main,January,Mathematics,Definite Integration,138,"If 24∫ 4 (sin∣ ∣4x− π ∣ ∣+[2sinx])dx = 2π+α, where [⋅] denotes the greatest integer function, then α is equal 0 12 to _______.",Numerical Answer,12,126
JEE Main,January,Mathematics,Definite Integration,139,"Let f(x) = ∫x2 t2−8t+15dt,x ∈ R. Then the numbers of local maximum and local minimum points of f, 0 et respectively, are :",(1) 2 and 3  | (2) 2 and 2  | (3) 3 and 2  | (4) 1 and 3,1,122
JEE Main,January,Mathematics,Definite Integration,140,"Let for some function y = f(x),∫xtf(t)dt = x2f(x),x > 0 and f",(2) = 3. Then f | (6) is equal to 0  | (1) 1  | (2) 3  | (3) 6  | (4) 2,1,61
JEE Main,January,Mathematics,Definite Integration,141,"Let f be a real valued continuous function defined on the positive real axis such that g(x) = ∫xtf(t)dt. If 0 g(x3) = x6 +x7, then value of ∑15 f(r3) is : r=1",Numerical Answer,4,158
JEE Main,January,Mathematics,Definite Integration,142,"Let f(x) = ∫tt(t2 −9t+20)dt,1 ≤ x ≤ 5. If the range of f is [α,β], then 4(α+β) equals : 0",(1) 253  | (2) 154  | (3) 125  | (4) 157,4,89
JEE Main,January,Mathematics,Definite Integration,143,"If I(m,n) = ∫1xm−1(1−x)n−1dx,m,n > 0 , then I(9,14)+I(10,13) is 0","(1) I(19,27)  | (2) I(9,1)  | (3) I(1,13)  | (4) I(9,13)",4,65
JEE Main,January,Mathematics,Definite Integration,144,"Let for f(x) = 7tan8x+7tan6x−3tan4x−3tan2x, I 1 = ∫ 0 π/4 f(x)dx and I 2 = ∫ 0 π/4 xf(x)dx. Then 7I 1 +12I 2 is equal to :",(1) 2  | (2) 1  | (3) 2π  | (4) π,2,122
JEE Main,January,Mathematics,Definite Integration,145,The value of 2 −1 ∫e4 1( e ((logex) +1) )dx is e2 x 2 −1 2 −1 e((logex) +1) +e((6−logex) +1),(1) 2  | (2) log 2 e  | (3) 1,3,92
JEE Main,January,Mathematics,Definite Integration,146,"If I = ∫ π 2 sin 3 2x dx, then ∫21 xsinxcosx dx equals : 0 3 3 0 sin4x+cos4x sin2x+cos2x π2",(1) 12 π2  | (2) 4 π2  | (3) 16 π2  | (4) 8 π,3,91
JEE Main,January,Mathematics,Definite Integration,147,"If ∫ 2 96x2cos2xdx = π(απ2 +β),α,β ∈ Z, then (α+β)2 equals −π (1+ex) 2",(1) 64  | (2) 196  | (3) 144  | (4) 100,4,70
JEE Main,January,Mathematics,Definite Integration,148,"Let f : (0,∞) → R be a twice differentiable function. If for some a̸= 0,∫ 1 f(λx)dλ = 0 af(x),f","(1) = 1 and f(16) = 1 , then 16 − f ′ ( 1 ) is equal to _______. 8 16",112,95
JEE Main,January,Mathematics,Parabola,149,"The area of the region, inside the circle (x−2√3)2 +y2 = 12 and outside the parabola y2 = 2√3x is :",(1) 3π+8  | (2) 6π−16  | (3) 3π−8  | (4) 6π−8,15,99
JEE Main,January,Mathematics,Parabola,150,The area of the region enclosed by the curves y = x2 −4x+4 and y2 = 16−8x is : 8,(1) 3 4  | (2) 3  | (3) 8  | (4) 5,2,80
JEE Main,January,Mathematics,Parabola,151,"The area (in sq. units) of the region {(x,y) : 0 ≤ y ≤ 2|x|+1,0 ≤ y ≤ x2 +1,|x| ≤ 3} is 80",(1) 3 64  | (2) 3 32  | (3) 3 17  | (4) 3,3,90
JEE Main,January,Mathematics,Parabola,152,The area of the region bounded by the curves x(1+y2) = 1 and y2 = 2x is:,(1) 2(π − 1) 2 3  | (2) π − 1 2 3  | (3) π − 1 4 3  | (4) 1(π − 1) 2 2 3,3,72
JEE Main,January,Mathematics,Parabola,153,"The area of the region enclosed by the curves y = ex,y = |ex −1| and y-axis is:",(1) 1−log 2 e  | (2) log 2 e  | (3) 1+log 2 e,2,79
JEE Main,January,Mathematics,Area Under Curves,154,"If the area of the larger portion bounded between the curves x2 +y2 = 25 and y = |x−1| is 1(bπ+c),b,c ∈ N, 4 then b+c is equal to",Numerical Answer,77,129
JEE Main,January,Mathematics,Area Under Curves,155,"The area of the region {(x,y) : x2 +4x+2 ≤ y ≤ |x+2|} is equal to",(1) 7  | (2) 5  | (3) 24/5  | (4) 20/3,4,65
JEE Main,January,Mathematics,Area Under Curves,156,"Let the area enclosed between the curves |y| = 1−x2 and x2 +y2 = 1 be α. If 9α = βπ+γ;β,γ are integers, then the value of |β−γ| equals.",(1) 27  | (2) 33  | (3) 15  | (4) 18,2,135
JEE Main,January,Mathematics,Area Under Curves,157,"If the area of the region {(x,y) : −1 ≤ x ≤ 1,0 ≤ y ≤ a+e|x| −e−x,a > 0} is e2+8e+1 , then the value of a is : e",(1) 8  | (2) 7  | (3) 5  | (4) 6,3,112
JEE Main,January,Mathematics,Area Under Curves,158,"Let the area of the region {(x,y) : 2y ≤ x2 + 3,y + ∣x∣ ≤ 3,y ⩾ ∣x − 1∣} be A. Then 6 A is equal to :",(1) 16  | (2) 12  | (3) 14  | (4) 18,3,101
JEE Main,January,Mathematics,Area Under Curves,159,"Consider the region R = {(x,y) : x ≤ y ≤ 9− 11x2,x ≥ 0}. 3 The area, of the largest rectangle of sides parallel to the coordinate axes and inscribed in R , is: 730",(1) 119 625  | (2) 111 821  | (3) 123 567  | (4) 121,4,163
JEE Main,January,Mathematics,Area Under Curves,160,"Let f : R → R be a twice differentiable function such that f(x+y) = f(x)f(y) for all x,y ∈ R. If f′","(0) = 4a and f satisfies f′′(x)−3af′(x)−f(x) = 0, a > 0, then the area of the region R = {(x,y) ∣ 0 ≤ y ≤ f(ax),0 ≤ x ≤ 2} is:  | (1) e2 −1  | (2) e2 +1  | (3) e4 +1  | (4) e4 −1",1,99
JEE Main,January,Mathematics,Differential Equations,161,"Let y = y(x) be the solution of the differential equation 2cosx dy = sin2x−4ysinx,x ∈ (0, π). If dx 2 y(π) = 0, then y′(π)+y(π) is equal to ________ ________. 3 4 4",Numerical Answer,1,164
JEE Main,January,Mathematics,Differential Equations,162,"Let x = x(y) be the solution of the differential equation y = (x−y dx)sin(x),y > 0 and x",(1) = π . Then dy y 2 cos(x | (2)) is equal to :  | (1) 1−2(log 2)2 e  | (2) 1−2(log 2) e  | (3) 2(log 2)−1 e  | (4) 2(log 2)2 −1 e,4,88
JEE Main,January,Mathematics,Differential Equations,163,Let x = x(y) be the solution of the differential equation y2 dx+(x− 1)dy = 0. If x,"(1) = 1, then x | (1) is : y 2  | (1) 1 +e 2  | (2) 3+e  | (3) 3−e  | (4) 3 +e 2",3,82
JEE Main,January,Mathematics,Differential Equations,164,"If x = f(y) is the solution of the differential equation (1+y2)+(x−2etan−1y) dy = 0,y ∈ (−π, π) dx 2 2 with f","(0) = 1, then f( 1 ) is equal to : √3  | (1) eπ/12  | (2) eπ/4  | (3) eπ/3  | (4) eπ/6",4,109
JEE Main,January,Mathematics,Differential Equations,165,"Let a curve y = f(x) pass through the points (0,5) and (log 2,k). If the curve satisfies the differential equation e 2(3+y)e2xdx−(7+e2x)dy = 0, then k is equal to",(1) 4  | (2) 32  | (3) 8  | (4) 16,3,162
JEE Main,January,Mathematics,Differential Equations,166,"Let y = y(x) be the solution of the differential equation (xy−5x2√1+x2)dx+(1+x2)dy = 0,y",(0) = 0. Then y(√3) is equal to √15  | (1) 2 5√3  | (2) 2  | (3) 2√2  | (4) √14 3,2,88
JEE Main,January,Mathematics,Differential Equations,167,"Let f be a differentiable function such that 2(x+2)2f(x)−3(x+2)2 = 10∫x(t+2)f(t)dt,x ≥ 0. Then f",(2) 0 is equal to ______.,19,96
JEE Main,January,Mathematics,Differential Equations,168,"Let f : (0,∞) → R be a function which is differentiable at all points of its domain and satisfies the condition x2f′(x) = 2xf(x)+3, with f",(1) = 4. Then 2f | (2) is equal to :  | (1) 39  | (2) 19  | (3) 29  | (4) 23,1,138
JEE Main,January,Mathematics,Differential Equations,169,"If y = y(x) is the solution of the differential equation, √4−x2 dy = ((sin−1(x)) 2 −y) sin−1(x),−2 ≤ x ≤ 2,y","(2) = π2−8 , then y2 | (0) is equal to dx 2 2 4",4,108
JEE Main,January,Mathematics,Differential Equations,170,"Let y = f(x) be the solution of the differential equation dy + xy = x6+4x ,−1 < x < 1 such that f",(0) = 0. dx x2−1 √1−x2 If 6∫1/2 f(x)dx = 2π−α then α2 is equal to _______ . −1/2,27,97
JEE Main,January,Mathematics,Differential Equations,171,"Let y = y(x) be the solution of the differential equation cosx(log (cosx)) 2 dy+ e (sinx − 3ysinxlog (cosx))dx = 0,x ∈ (0, π ). If y( π ) = −1 , then y( π ) is equal to : e 2 4 log e 2 6 1",(1) log e  | (3)−log e  | (4) 2  | (2) log e  | (3)−log e  | (4) 1  | (3) log e  | (4)−log e  | (3)  | (4) − 1 log e  | (4),1,188
JEE Main,January,Mathematics,Differential Equations,172,"If for the solution curve y = f(x) of the differential equation dy +(tanx)y = 2+secx , dx (1+2secx)2 x ∈ ( −π , π),f(π) = √3 , then f(π) is equal to : 2 2 3 10 4 √3+1",(1) 10(4+√3) 5−√3  | (2) 2√2 9√3+3  | (3) 10(4+√3) 4−√2  | (4) 14,4,166
JEE Main,January,Mathematics,Straight Lines,173,"Let the area of a △PQR with vertices P(5,4),Q(−2,4) and R(a,b) be 35 square units. If its orthocenter and centroid are O(2, 14) and C(c,d) respectively, then c+2d is equal to 5 8",(1) 3 7  | (2) 3  | (3) 2  | (4) 3,4,178
JEE Main,January,Mathematics,Straight Lines,174,"Let the triangle PQR be the image of the triangle with vertices (1,3),(3,1) and (2,4) in the line x+2y = 2. If the centroid of △PQR is the point (α,β), then 15(α−β) is equal to :",(1) 19  | (2) 24  | (3) 21  | (4) 22,4,178
JEE Main,January,Mathematics,Straight Lines,175,"Let A(6,8),B(10cosα,−10sinα) and C(−10sinα,10cosα), be the vertices of a triangle. If L(a,9) and G(h,k) be its orthocenter and centroid respectively, then (5a−3h+6k+100sin2α) is equal to ______ -.",Numerical Answer,145,196
JEE Main,January,Mathematics,Straight Lines,176,"Let ABC be a triangle formed by the lines 7x − 6y + 3 = 0,x + 2y − 31 = 0 and 9x − 2y − 19 = 0 . Let the point (h,k) be the image of the centroid of ΔABC in the line 3x + 6y − 53 = 0. Then h2 + k2 + hk is equal to:",(1) 47  | (2) 37  | (3) 36  | (4) 40,2,214
JEE Main,January,Mathematics,Straight Lines,177,"Let the points (11,α) lie on or inside the triangle with sides x+y = 11,x+2y = 16 and 2x+3y = 29. Then 2 the product of the smallest and the largest values of α is equal to :",(1) 44  | (2) 22  | (3) 33  | (4) 55,3,174
JEE Main,January,Mathematics,Straight Lines,178,"Two equal sides of an isosceles triangle are along −x+2y = 4 and x+y = 4. If m is the slope of its third side, then the sum, of all possible distinct values of m, is :",(1) −2√10  | (2) 12  | (3) 6  | (4) −6,3,167
JEE Main,January,Mathematics,Straight Lines,179,"Let the lines 3x−4y−α = 0,8x−11y−33 = 0, and 2x−3y+λ = 0 be concurrent. If the image of the point (1,2) in the line 2x−3y+λ = 0 is (57, −40), then |αλ| is equal to 13 13",(1) 84  | (2) 113  | (3) 91  | (4) 101,3,169
JEE Main,January,Mathematics,Straight Lines,180,"Let nC r−1 = 28,nC r = 56 and nC r+1 = 70. Let A(4cost,4sint),B(2sint,−2cost) and C(3r−n,r2 −n−1) be the vertices of a triangle ABC, where t is a parameter. If (3x−1)2 +(3y)2 = α, is the locus of the centroid of triangle ABC , then α equals",(1) 6  | (2) 18  | (3) 8  | (4) 20,4,240
JEE Main,January,Mathematics,Straight Lines,181,"Let the line x+y = 1 meet the axes of x and y at A and B, respectively. A right angled triangle AMN is inscribed in the triangle OAB , where O is the origin and the points M and N lie on the lines OB and AB, respectively. If the area of the triangle AMN is 4 of the area of the triangle OAB and AN : NB = λ : 1, then the sum of all 9 possible value(s) of is λ :",(1) 2 5  | (2) 2 1  | (3) 2 13  | (4) 6,1,361
JEE Main,January,Mathematics,Straight Lines,182,"A rod of length eight units moves such that its ends A and B always lie on the lines x−y+2 = 0 and y+2 = 0, respectively. If the locus of the point P, that divides the rod AB internally in the ratio 2 : 1 is 9(x2 +αy2 +βxy+γx+28y)−76 = 0, then α−β−γ is equal to :",(1) 22  | (2) 21  | (3) 23  | (4) 24,3,263
JEE Main,January,Mathematics,Circle,183,"Let the equation of the circle, which touches x-axis at the point (a,0),a > 0 and cuts off an intercept of length b on y-axis be x2 +y2 −αx+βy+γ = 0. If the circle lies below x-axis, then the ordered pair (2a,b2) is equal to","(1) (γ,β2 −4α)  | (2) (α,β2 +4γ)  | (3) (γ,β2 +4α)  | (4) (α,β2 −4γ)",4,224
JEE Main,January,Mathematics,Circle,184,"Let the line x + y = 1 meet the circle x2 + y2 = 4 at the points A and B . If the line perpendicular to AB and passing through the mid point of the chord AB intersects the circle at C and D, then the area of the quadrilateral ADBC is equal to :",(1) 14  | (2) 3 7  | (3) 2 14  | (4) 5 7,3,244
JEE Main,January,Mathematics,Circle,185,"Let a circle C pass through the points (4,2) and (0,2), and its centre lie on 3x+2y+2 = 0. Then the length of the chord, of the circle C, whose mid-point is (1,2), is :",(1) √3  | (2) 2√2  | (3) 2√3  | (4) 4√2,3,168
JEE Main,January,Mathematics,Circle,186,"A circle C of radius 2 lies in the second quadrant and touches both the coordinate axes. Let r be the radius of a circle that has centre at the point (2,5) and intersects the circle C at exactly two points. If the set of all possible values of r is the interval (α,β), then 3β−2α is equal to :",(1) 10  | (2) 15  | (3) 12  | (4) 14,2,293
JEE Main,January,Mathematics,Circle,187,"Let circle C be the image of x2 +y2 −2x+4y−4 = 0 in the line 2x−3y+5 = 0 and A be the point on C such that OA is parallel to x-axis and A lies on the right hand side of the centre O of C. If B(α,β), with β < 4,",Numerical Answer,2,210
JEE Main,January,Mathematics,Parabola,188,"The focus of the parabola y2 = 4x+16 is the centre of the circle C of radius 5 . If the values of λ, for which C passes through the point of intersection of the lines 3x−y = 0 and x+λy = 4, are λ 1 and λ 2 ,λ 1 < λ 2, then 12λ 1 +29λ 2 is equal to ________",Numerical Answer,15,256
JEE Main,January,Mathematics,Parabola,189,"If the equation of the parabola with vertex V(3,3) and the directrix x+2y = 0 is 2 αx2 +βy2 −γxy−30x−60y+225 = 0, then α+β+γ is equal to :",(1) 7  | (2) 9  | (3) 8  | (4) 6,2,138
JEE Main,January,Mathematics,Parabola,190,"Two parabolas have the same focus (4,3) and their directrices are the x-axis and the y-axis, respectively. If these parabolas intersects at the points A and B, then (AB)2 is equal to :",(1) 392  | (2) 384  | (3) 192  | (4) 96,3,184
JEE Main,January,Mathematics,Parabola,191,"Let the parabola y = x2 +px−3, meet the coordinate axes at the points P,Q and R . If the circle C with centre at (−1,−1) passes through the points P,Q and R, then the area of △PQR is :",(1) 7  | (2) 4  | (3) 6  | (4) 5,3,184
JEE Main,January,Mathematics,Parabola,192,"Let the shortest distance from (a,0),a > 0, to the parabola y2 = 4x be 4 . Then the equation of the circle passing through the point (a,0) and the focus of the parabola, and having its centre on the axis of the parabola is :",(1) x2 +y2 −10x+9 = 0  | (2) x2 +y2 −6x+5 = 0  | (3) x2 +y2 −4x+3 = 0  | (4) x2 +y2 −8x+7 = 0,2,224
JEE Main,January,Mathematics,Parabola,193,"Let A and B be the two points of intersection of the line y+5 = 0 and the mirror image of the parabola y2 = 4x with respect to the line x+y+4 = 0. If d denotes the distance between A and B , and a denotes the area of △SAB, where S is the focus of the parabola y2 = 4x, then the value of (a+d) is ________ -",Numerical Answer,14,306
JEE Main,January,Mathematics,Parabola,194,"If the line 3x−2y+12 = 0 intersects the parabola 4y = 3x2 at the points A and B, then at the vertex of the parabola, the line segment AB subtends an angle equal to",(1) tan−1 | (4) 5  | (2) tan−1 | (9) 7  | (3) tan−1(11) 9  | (4) π −tan−1 | (3) 2 2,2,163
JEE Main,January,Mathematics,Parabola,195,"Let ABCD be a trapezium whose vertices lie on the parabola y2 = 4x. Let the sides AD and BC of the trapezium be parallel to y -axis. If the diagonal AC is of length 25 and it passes through the point (1,0), then the 4 area of ABCD is 75",(1) 4 25  | (2) 2 125  | (3) 8 75  | (4) 8,1,236
JEE Main,January,Mathematics,Parabola,196,"Let P(4,4√3) be a point on the parabola y2 = 4ax and PQ be a focal chord of the parabola. If M and N are the foot of perpendiculars drawn from P and Q respectively on the directrix of the parabola, then the area of the quadrilateral PQMN is equal to :",(1) 17√3 263√3  | (2) 8 34√3  | (3) 3 343√3  | (4) 8,4,251
JEE Main,January,Mathematics,Parabola,197,"Let y2 = 12x be the parabola and S be its focus. Let PQ be a focal chord of the parabola such that (SP)(SQ) = 147 . Let C be the circle described taking PQ as a diameter. If the equation of a circle C is 4 64x2 +64y2 −αx−64√3y = β, then β−α is equal to ________.",Numerical Answer,1328,262
JEE Main,January,Mathematics,Ellipse,198,"Let the product of the focal distances of the point (√3, 1) on the ellipse x2 + y2 = 1,(a > b), be 7 . Then the 2 a2 b2 4 absolute difference of the eccentricities of two such ellipses is 1−√3",(1) √2 3−2√2  | (2) 2√3 3−2√2  | (3) 3√2 1−2√2  | (4) √3,2,192
JEE Main,January,Mathematics,Ellipse,199,"Let the ellipse E : x2 + y2 = 1,a > b and E : x2 + y2 = 1, A < B have same eccentricity 1 a2 b2 2 A2 B2 1 . Let the product of their lengths of latus rectums be 32 , and the distance between the foci of E be 4. If 1 3 3 E and E meet at A,B,C and D, then the area of the quadrilateral ABCD equals : 1 2 12 6",(1) 5  | (2) 6 6 18 6  | (3) 5 24 6  | (4) 5,4,306
JEE Main,January,Mathematics,Ellipse,200,"The length of the chord of the ellipse x2 + y2 = 1, whose mid-point is (1, 1), is : 4 2 2",(1) 5√15 3  | (2) 1√15 3  | (3) 2√15 3  | (4) √15,3,89
JEE Main,January,Mathematics,Ellipse,201,"The equation of the chord, of the ellipse x2 + y2 = 1, whose mid-point is (3,1) is : 25 16",(1) 48x+25y = 169  | (2) 5x+16y = 31  | (3) 25x+101y = 176  | (4) 4x+122y = 134,1,90
JEE Main,January,Mathematics,Ellipse,202,"If the midpoint of a chord of the ellipse x2 + y2 = 1 is (√2,4/3), and the length of the chord is 2√α , then α is : 9 4 3",(1) 20  | (2) 22  | (3) 18  | (4) 26,2,121
JEE Main,January,Mathematics,Ellipse,203,"If αx+βy = 109 is the equation of the chord of the ellipse x2 + y2 = 1, whose mid point is (5, 1), then α+β 9 4 2 2 is equal to :",(1) 58  | (2) 46  | (3) 37  | (4) 72,1,129
JEE Main,January,Mathematics,Ellipse,204,"Let E 1 : x2 + y2 = 1 be an ellipse. Ellipses E 1 's are constructed such that their centres and eccentricities are 9 4 same as that of E 1, and the length of minor axis of E i is the length of major axis of E i+1 (i ≥ 1). If A i is the area of the ellipse E i, then π 5(∑∞ i=1 A i ), is equal to",Numerical Answer,54,296
JEE Main,January,Mathematics,Hyperbola,205,"Let the foci of a hyperbola be (1,14) and (1,−12). If it passes through the point (1,6), then the length of its latus-rectum is : 24",(1) 5 25  | (2) 6 144  | (3) 5 288  | (4) 5,4,132
JEE Main,January,Mathematics,Hyperbola,206,"Let H 1 : x2 − y2 = 1 and H 2 : − x2 + y2 = 1 be two hyperbolas having length of latus rectums 15√2 and a2 b2 A2 B2 12√5 respectively. Let their ecentricities be e 1 = √5 and e 2 respectively. If the product of the lengths of their 2 transverse axes is 100√10, then 25e2 is equal to ________. 2",Numerical Answer,55,294
JEE Main,January,Mathematics,Hyperbola,207,"If A and B are the points of intersection of the circle x2 +y2 −8x = 0 and the hyperbola x2 − y2 = 1 and a 9 4 point P moves on the line 2x−3y+4 = 0, then the centroid of △PAB lies on the line :",(1) x+9y = 36  | (2) 4x−9y = 12  | (3) 6x−9y = 20  | (4) 9x−9y = 32,3,194
JEE Main,January,Mathematics,Hyperbola,208,"Let E : x2 + y2 = 1,a > b and H : x2 − y2 = 1. Let the distance between the foci of E and the foci of H be a2 b2 A2 B2 2√3. If a−A = 2, and the ratio of the eccentricities of E and H is 1 , then the sum of the lengths of their latus 3 rectums is equal to:",(1) 10  | (2) 9  | (3) 8  | (4) 7,3,255
JEE Main,January,Mathematics,Hyperbola,209,"Let the circle C touch the line x−y+1 = 0, have the centre on the positive x -axis, and cut off a chord of length 4 along the line −3x+2y = 1. Let H be the hyperbola x2 − y2 = 1, whose one of the foci is the centre of C √13 α2 β2 and the length of the transverse axis is the diameter of C. Then 2α2 +3β2 is equal to ______",Numerical Answer,19,322
JEE Main,January,Mathematics,Hyperbola,210,"If sinx+sin2x = 1,x ∈ (0, π), then (cos12x+tan12x)+3(cos10x+tan10x+ 2 cos8x+tan8x)+(cos6x+tan6x) is equal to :",(1) 4  | (2) 1  | (3) 3  | (4) 2,4,110
JEE Main,January,Mathematics,Hyperbola,211,The value of (sin70∘)(cot10∘cot70∘ −1) is,(1) 2/3  | (2) 1  | (3) 0  | (4) 3/2,55,41
JEE Main,January,Mathematics,Hyperbola,212,"If π ≤ x ≤ 3π , then cos−1(12cosx+ 5 sinx) is equal to 2 4 13 13",(1) x−tan−1 4 3  | (2) x+tan−1 4 5  | (3) x−tan−1 5 12  | (4) x+tan−1 5 12,3,64
JEE Main,January,Mathematics,Hyperbola,213,"If ∑13 { 1 } = a√3+b,a,b ∈ Z, then a2 +b2 is equal to : r=1 sin(π+(r−1)π)sin(π+rπ) 4 6 4 6",(1) 10  | (2) 4  | (3) 2  | (4) 8,3,90
JEE Main,January,Mathematics,Trigonometric Equations,214,"The sum of all values of θ ∈ [0,2π] satisfying 2sin2θ = cos2θ and 2cos2θ = 3sinθ is",(1) 4π 5π  | (2) 6  | (3) π π  | (4) 2,3,83
JEE Main,January,Mathematics,Inverse Trigonometric Functions,215,"If for some α,β;α ≤ β,α+β−8 and sec2(tan−1α)+cosec2(cot−1β)−36, then α2 +β is_______.",Numerical Answer,N/A,85
JEE Main,January,Mathematics,Inverse Trigonometric Functions,216,cos(sin−1 3 +sin−1 5 +sin−1 33) is equal to: 5 13 65,(1) 1  | (2) 0 32  | (3) 65 33  | (4) 65,N/A,52
JEE Main,January,Mathematics,Inverse Trigonometric Functions,217,"Using the principal values of the inverse trigonometric functions, the sum of the maximum and the minimum 2 2 values of 16((sec−1x) +(cosec−1x) ) is :",(1) 24π2  | (2) 22π2  | (3) 31π2  | (4) 18π2,N/A,150
JEE Main,January,Mathematics,Inverse Trigonometric Functions,218,"If α > β > γ > 0, then the expression cot−1{β+ (1+β2) }+cot−1{γ+ (1+γ2) }+ cot−1{α+ (1+α2) } is (α−β) (β−γ) (γ−α) equal to :",(1) π  | (2) 0  | (3) π −(α+β+γ) 2  | (4) 3π,N/A,124
JEE Main,January,Mathematics,Inverse Trigonometric Functions,219,Let S = {x : cos−1 x = π + sin −1 x + sin −1 (2x + 1)}. Then ∑ (2x − 1)2 is equal to x∈ S ______.,Numerical Answer,N/A,97
JEE Main,January,Mathematics,Vector Algebra,220,"Let → a = 3 ^ i − ^ j+2k ^ , b = → a ×( ^ i −2k ^ ) and → c = b ×k ^ . Then the projection of → c −2 ^ j on a→ is :",(1) 2√14  | (2) √14  | (3) 3√7  | (4) 2√7 →,1,115
JEE Main,January,Mathematics,Vector Algebra,221,"If the components of → a = α ^ i +β ^ j+γk ^ along and perpendicular to b = 3 ^ i + ^ j−k ^ respectively, are 16(3 ^ i + ^ j−k ^ ) and 1 (−4 ^ i −5 ^ j−17k ^ ), then α2 +β2 +γ2 is equal to : 11 11",(1) 26  | (2) 18  | (3) 23  | (4) 16,1,196
JEE Main,January,Mathematics,Vector Algebra,222,"Let a→ and → b be two unit vectors such that the angle between them is π . If λa→+2 → b and 3a→−λ → b are perpendicular 3 to each other, then the number of values of λ in [−1,3] is :",(1) 2  | (2) 1  | (3) 0  | (4) 3,3,182
JEE Main,January,Mathematics,Vector Algebra,223,"Let the arc AC of a circle subtend a right angle at the centre O. If the point B on the arc AC, divides the arc AC −−→ −−→ −−→ such that length of arcAB = 1 , and OC = αOA+βOB, then α+√2(√3−1)β is equal to length of arcBC 5",(1) 2√3  | (2) 2−√3  | (3) 5√3  | (4) 2+√3,2,223
JEE Main,January,Mathematics,Vector Algebra,224,"Let a→ = ^ i +2 ^ j+3k ^ , → b = 3 ^ i + ^ j−k ^ and c→ be three vectors such that c→ is coplanar with a→ and → b. If the vector C → → is perpendicular to b and a→⋅c→ = 5, then |c→| is equal to",(1) √11 6,1,193
JEE Main,January,Mathematics,Vector Algebra,225,"Let A, B, C be three points in xy-plane, whose position vector are given by √3 ^ i + ^ j, ^ i +√3 ^ j and a ^ i +(1−a) ^ j respectively with respect to the origin O . If the distance of the point C from the line bisecting the angle between −−→ −−→ the vectors OA and OB is 9 , then the sum of all the possible values of a is : √2",(1) 2  | (2) 9/2  | (3) 1  | (4) 0,3,329
JEE Main,January,Mathematics,Vector Algebra,226,"Let c→ be the projection vector of → b = λ ^ i +4k ^ ,λ > 0, on the vector a→ = ^ i +2 ^ j+2k ^ . If |a→+c→| = 7, then the area → of the parallelogram formed by the vectors b and c→ is ________ → → →",Numerical Answer,16,199
JEE Main,January,Mathematics,Vector Algebra,227,"Let the position vectors of three vertices of a triangle be 4p→+q→−3r→,−5p→+q→+2r→ and 2p − q +2 r . If the position vectors of the orthocenter and the circumcenter of the triangle are p→+q→+r→ and αp→+βq→+γr→ 4 respectively, then α+2β+5γ is equal to :",(1) 3  | (2) 4  | (3) 1  | (4) 6 → → →,1,252
JEE Main,January,Mathematics,Vector Algebra,228,"Let a→ = ^ i + ^ j +k ^ , b = 2 ^ i +2 ^ j +k ^ and d = a→× b. If → c is a vector such that a→⋅ → c = | → c |, | → c −2a→|2 = 8 → → → → → → and the angle between d and c is π , then |10−3 b ⋅ c |+|d × c |2 is equal to 4",Numerical Answer,6,219
JEE Main,January,Mathematics,Vector Algebra,229,"Let a = 2^i − ^j + 3k ^ , b = 3^i − 5^j + k ^ and c be a vector such that a × c = c × b and (a + c) ⋅ (b + c) = 168. Then the maximum value of ∣c∣2 is :",(1) 462  | (2) 77  | (3) 154,4,152
JEE Main,January,Mathematics,Vector Algebra,230,"Let a^ be a unit vector perpendicular to the vectors b = ^ i −2 ^ j+3k ^ and → c = 2 ^ i +3 ^ j−k ^ , and makes an angle of cos−1(−1) with the vector ^ i + ^ j+k ^ . If ^a makes an angle of π with the vector ^ i +α ^ j+k ^ , then the value of 3 3 α is :",(1) √6  | (2) −√6  | (3) −√3  | (4) √3 ^ ^ ^ ^ ^ ^,2,253
JEE Main,January,Mathematics,Vector Algebra,231,"Let the position vectors of the vertices A,B and C of a tetrahedron ABCD be i +2j +k,i +3j −2k and ^ ^ ^ 2i +j−k respectively. The altitude from the vertex D to the opposite face ABC meets the median line segment through A of the triangle ABC at the point E. If the length of AD is √110 and the volume of the 3 √805 tetrahedron is , then the position vector of E is 6√2",(1) 1 (7 ^ i +4 ^ j +3k ^ ) 12  | (2) 1( ^ i +4 ^ j+7k ^ ) 2  | (3) 1(12 ^ i +12 ^ j+k ^ ) 6  | (4) 1(7 ^ i +12 ^ j +k ^ ) 6,4,369
JEE Main,January,Mathematics,Three Dimensional Geometry,232,"Let L 1 : x− 3 1 = y − − 1 1 = z+ 0 1 and L 2 : x− 2 2 = 0 y = z+ α 4,α ∈ R, be two lines, which intersect at the point B. If P is the foot of perpendicular from the point A(1,1,−1) on L 2, then the value of 26α( PB)2 is _________",Numerical Answer,216,230
JEE Main,January,Mathematics,Three Dimensional Geometry,233,"The distance of the line x−2 = y−6 = z−3 from the point (1,4,0) along the line x = y−2 = z+3 is : 2 3 4 1 2 3",(1) √17  | (2) √15  | (3) √14  | (4) √13,3,109
JEE Main,January,Mathematics,Three Dimensional Geometry,234,"If the square of the shortest distance between the lines x−2 = y−1 = z+3 and x+1 = y+3 = z+5 is m , where 1 2 −3 2 4 −5 n m,n are coprime numbers, then m+n is equal to :",(1) 21  | (2) 9  | (3) 14  | (4) 6,2,169
JEE Main,January,Mathematics,Three Dimensional Geometry,235,"If the image of the point (4,4,3) in the line x−1 = y−2 = z−1 is (α,β,γ), then α+β+γ is equal to 2 1 3",(1) 9  | (2) 12  | (3) 7  | (4) 8,1,102
JEE Main,January,Mathematics,Three Dimensional Geometry,236,"Let L : x−1 = y−2 = z−1 and L : x+1 = y−2 = z be two lines. 1 2 1 −1 2 −1 2 1 Let L be a line passing through the point (α,β,γ) and be perpendicular to both L and L . If L 3 1 2 3 intersects L , then ∣5α − 11β − 8γ∣ equals : 1",(1) 20  | (2) 18  | (3) 25  | (4) 16,3,226
JEE Main,January,Mathematics,Three Dimensional Geometry,237,"Let a straight line L pass through the point P(2,−1,3) and be perpendicular to the lines x−1 = y+1 = z−3 and 2 1 −2 x−3 = y−2 = z+2 . If the line L intersects the yz-plane at the point Q, then the distance between the points P and 1 3 4 Q is :",(1) √10  | (2) 2√3  | (3) 2  | (4) 3,4,243
JEE Main,January,Mathematics,Three Dimensional Geometry,238,"Let A(x,y,z) be a point in xy-plane, which is equidistant from three points (0,3,2),(2,0,3) and ( 0,0,1 ). Let B = (1,4,−1) and C = (2,0,−2). Then among the statements (S1) : △ABC is an isosceles right angled triangle, and (S2) : the area of △ABC is 9√2 , 2",(1) both are true  | (2) only (S2) is true  | (3) only (S1) is true  | (4) both are false,3,257
JEE Main,January,Mathematics,Three Dimensional Geometry,239,Let L 1 : x−1 = y−2 = z−3 and L 2 : x−2 = y−4 = z−5 be two lines. Then which of the following points lies on 2 3 4 3 4 5 the line of the shortest distance between L 1 and L 2 ?,"(1) (14,−3, 22) 3 3  | (2) (−5,−7,1) 3  | (3) (2,3, 1) 3  | (4) (8,−1, 1) 3 3 ^ ^ ^",1,176
JEE Main,January,Mathematics,Three Dimensional Geometry,240,"Let a line pass through two distinct points P(−2,−1,3) and Q, and be parallel to the vector 3i +2j+2k. If the distance of the point Q from the point R(1,3,3) is 5 , then the square of the area of △PQR is equal to :",(1) 148  | (2) 136  | (3) 144  | (4) 140,2,214
JEE Main,January,Mathematics,Three Dimensional Geometry,241,"The perpendicular distance, of the line x−1 = y+2 = z+3 from the point P(2,−10,1), is : 2 −1 2",(1) 6  | (2) 5√2  | (3) 4√3  | (4) 3√5,4,94
JEE Main,January,Mathematics,Three Dimensional Geometry,242,"Let the distance between two parallel lines be 5 units and a point P lie between the lines at a unit distance from one of them. An equilateral triangle PQR is formed such that Q lies on one of the parallel lines, while R lies on the other. Then (QR)2 is equal to _______ -.",Numerical Answer,28,273
JEE Main,January,Mathematics,Three Dimensional Geometry,243,"Let P be the foot of the perpendicular from the point Q(10,−3,−1) on the line x−3 = y−2 = z+1 . Then the 7 −1 −2 area of the right angled triangle PQR, where R is the point (3,−2,1), is",(1) 9√15  | (2) √30  | (3) 8√15  | (4) 3√30,4,185
JEE Main,January,Mathematics,Three Dimensional Geometry,244,"Let in a △ABC, the length of the side AC be 6 , the vertex B be (1,2,3) and the vertices A,C lie on the line x−6 = y−7 = z−7 . Then the area (in sq. units) of △ABC is: 3 2 −2",(1) 17  | (2) 21  | (3) 56  | (4) 42,2,174
JEE Main,January,Mathematics,Three Dimensional Geometry,245,"Let the line passing through the points (−1,2,1) and parallel to the line x−1 = y+1 = z intersect the line 2 3 4 x+2 = y−3 = z−4 at the point P. Then the distance of P from the point Q(4,−5,1) is 3 2 1",(1) 5  | (2) 5√5  | (3) 5√6  | (4) 10,2,201
JEE Main,January,Mathematics,Three Dimensional Geometry,246,"Let P be the image of the point Q(7,−2,5) in the line L : x−1 = y+1 = z and R(5,p,q) be a point on L. Then 2 3 4 the square of the area of △PQR is ________.",Numerical Answer,957,156
JEE Main,January,Mathematics,Three Dimensional Geometry,247,"The square of the distance of the point (15, 32,7) from the line x+1 = y+3 = z+5 in the direction of the vector 7 7 3 5 7 ^ ^ ^ i +4j+7k is :",(1) 54  | (2) 44  | (3) 41  | (4) 66,4,141
JEE Main,January,Mathematics,Three Dimensional Geometry,248,"Let a = ^i + 2 ^j + k ^ and b = 2 ^i + 7 ^j + 3k ^ . Let L : r = (− ^i + 2 ^j + k ^ ) + 1 λ a ,λ ∈ R and L : r = ( ^j + k ^ ) + μ b ,μ ∈ R be two lines. If the line L passes through the 2 3 point of intersection of L and L , and is parallel to a + b, then L passes through the point : 1 2 3","(1) (5,17,4)  | (2) (2,8,5)  | (3) (8,26,12)  | (4) (−1,−1,1)",3,290
JEE Main,January,Mathematics,Three Dimensional Geometry,249,"Let the point A divide the line segment joining the points P(−1,−1,2) and Q(5,5,10) internally in the ratio −−→ −−→ −−→ −−→ r : 1(r > 0). If O is the origin and (OQ⋅OA)− 1|OP×OA|2 = 10, then the value of r is : 5",(1) √7  | (2) 14  | (3) 3  | (4) 7,4,212
JEE Main,January,Mathematics,Three Dimensional Geometry,250,"Let P be the foot of the perpendicular from the point (1,2,2) on the line L : x−1 = y+1 = z−2 . Let the line 1 −1 2 r→ = (− ^ i + ^ j−2k ^ )+λ( ^ i − ^ j+k ^ ),λ ∈ R, intersect the line L at Q . Then 2(PQ)2 is equal to :",(1) 25  | (2) 19  | (3) 29  | (4) 27,4,220
